Wasteland Angel,$,AA3EZ-GM4F0-VT52D,false
Deep Eclipse,$,LR8JJ-RVREV-P0GMK,false
Cortex Gear Angry Droids,$,J5I7G-05ADK-NWRRY,false
Space Farmers,$,B6WX5-2YBMT-XT6L5,false
Between Me and The Night,$,4LQA7-G6EG2-7P9Z4,false
Incoming Forces,$,AB5JM-NYRXK-GV9HM,false
Canyon Capers,$,XXAQN-X9FTH-2369P,false
Pixel Puzzles 2 RADical ROACH,$,0QX4H-QANXJ-LRLNY,false
CT Special Forces,$,Y4I84-NGRQ2-DM3KF,false
Truffle Saga,$,WIJVI-42RB8-0LHIC,false
Psichodelya,$,Q3ZCT-L5XAD-76MRD,false
Gunspell,$,GCCVX-LQEZJ-M2LW8,false
The 39 Steps,$,R7PZ7-RYZ9F-TQ2Q0,false